,Index,Base,Base_weight,Base2,Base2_weight,Prep,Prep2,Calc.T,Calc.t,Support,Support2,Support_frac,Support2_frac,Promoter,Promoter_weight,Promoter2,Promoter2_weight,T,H2,O2,CO,H2O,CO2,CH4,TOS,F/W,CO Conversion
0,6,Au,1.0,0,0.0,DP,0,25,0.0,CeO2,0,1.0,0.0,0,0.0,0,0.0,200.0,0.0,0.0,4.498,30.6,0.0,0.0,60.0,2.0,25.6
1,24,Au,1.0,0,0.0,DP,0,25,0.0,CeO2,0,1.0,0.0,0,0.0,0,0.0,200.0,0.0,0.0,4.498,30.6,0.0,0.0,60.0,2.0,57.7
2,9,Au,1.0,0,0.0,DP,0,25,0.0,CeO2,0,1.0,0.0,0,0.0,0,0.0,230.0,0.0,0.0,4.498,30.6,0.0,0.0,60.0,2.0,58.9
3,27,Au,1.0,0,0.0,DP,0,25,0.0,CeO2,0,1.0,0.0,0,0.0,0,0.0,230.0,0.0,0.0,4.498,30.6,0.0,0.0,60.0,2.0,74.6
4,12,Au,1.0,0,0.0,DP,0,25,0.0,CeO2,0,1.0,0.0,0,0.0,0,0.0,260.0,0.0,0.0,4.498,30.6,0.0,0.0,60.0,2.0,81.0
5,30,Au,1.0,0,0.0,DP,0,25,0.0,CeO2,0,1.0,0.0,0,0.0,0,0.0,260.0,0.0,0.0,4.498,30.6,0.0,0.0,60.0,2.0,85.0
6,3542,Au,1.0,0,0.0,HDP,0,25,0.0,Al2O3,0,1.0,0.0,Ce,20.0,0,0.0,330.0,0.0,0.0,5.0,15.0,0.0,0.0,60.0,2.5,24.67
7,3568,Au,1.0,0,0.0,HDP,0,25,0.0,Al2O3,0,1.0,0.0,Ce,20.0,0,0.0,330.0,0.0,0.0,5.0,15.0,0.0,0.0,60.0,2.5,23.17
8,7,Au,3.0,0,0.0,DP,0,25,0.0,CeO2,0,1.0,0.0,0,0.0,0,0.0,200.0,0.0,0.0,4.498,30.6,0.0,0.0,60.0,2.0,49.4
9,33,Au,3.0,0,0.0,DP,0,25,0.0,CeO2,0,1.0,0.0,0,0.0,0,0.0,200.0,0.0,0.0,4.498,30.6,0.0,0.0,60.0,2.0,72.2
10,10,Au,3.0,0,0.0,DP,0,25,0.0,CeO2,0,1.0,0.0,0,0.0,0,0.0,230.0,0.0,0.0,4.498,30.6,0.0,0.0,60.0,2.0,69.1
11,36,Au,3.0,0,0.0,DP,0,25,0.0,CeO2,0,1.0,0.0,0,0.0,0,0.0,230.0,0.0,0.0,4.498,30.6,0.0,0.0,60.0,2.0,91.2
12,13,Au,3.0,0,0.0,DP,0,25,0.0,CeO2,0,1.0,0.0,0,0.0,0,0.0,260.0,0.0,0.0,4.498,30.6,0.0,0.0,60.0,2.0,87.5
13,39,Au,3.0,0,0.0,DP,0,25,0.0,CeO2,0,1.0,0.0,0,0.0,0,0.0,260.0,0.0,0.0,4.498,30.6,0.0,0.0,60.0,2.0,93.4
14,285,Au,3.0,0,0.0,DP,0,400,2.0,CeO2,0,1.0,0.0,0,0.0,0,0.0,423.0,0.0,0.0,4.498,30.7,0.0,0.0,60.0,14.85,30.1
15,290,Au,3.0,0,0.0,DP,0,400,2.0,CeO2,0,1.0,0.0,0,0.0,0,0.0,423.0,0.0,0.0,4.498,30.7,0.0,0.0,60.0,14.85,4.71
16,286,Au,3.0,0,0.0,DP,0,400,2.0,CeO2,0,1.0,0.0,0,0.0,0,0.0,473.0,0.0,0.0,4.498,30.7,0.0,0.0,60.0,14.85,59.7
17,291,Au,3.0,0,0.0,DP,0,400,2.0,CeO2,0,1.0,0.0,0,0.0,0,0.0,473.0,0.0,0.0,4.498,30.7,0.0,0.0,60.0,14.85,11.3
18,287,Au,3.0,0,0.0,DP,0,400,2.0,CeO2,0,1.0,0.0,0,0.0,0,0.0,523.0,0.0,0.0,4.498,30.7,0.0,0.0,60.0,14.85,89.3
19,292,Au,3.0,0,0.0,DP,0,400,2.0,CeO2,0,1.0,0.0,0,0.0,0,0.0,523.0,0.0,0.0,4.498,30.7,0.0,0.0,60.0,14.85,40.1
20,288,Au,3.0,0,0.0,DP,0,400,2.0,CeO2,0,1.0,0.0,0,0.0,0,0.0,573.0,0.0,0.0,4.498,30.7,0.0,0.0,60.0,14.85,97.4
21,293,Au,3.0,0,0.0,DP,0,400,2.0,CeO2,0,1.0,0.0,0,0.0,0,0.0,573.0,0.0,0.0,4.498,30.7,0.0,0.0,60.0,14.85,60.2
22,289,Au,3.0,0,0.0,DP,0,400,2.0,CeO2,0,1.0,0.0,0,0.0,0,0.0,622.0,0.0,0.0,4.498,30.7,0.0,0.0,60.0,14.85,98.2
23,294,Au,3.0,0,0.0,DP,0,400,2.0,CeO2,0,1.0,0.0,0,0.0,0,0.0,622.0,0.0,0.0,4.498,30.7,0.0,0.0,60.0,14.85,73.3
24,175,Au,3.0,0,0.0,DP,0,400,3.0,HAP,0,1.0,0.0,0,0.0,0,0.0,300.0,0.0,0.0,5.1,0.0,0.0,0.0,60.0,32.135,94.7
25,190,Au,3.0,0,0.0,DP,0,400,3.0,HAP,0,1.0,0.0,0,0.0,0,0.0,300.0,0.0,0.0,5.1,0.0,0.0,0.0,60.0,32.135,22.1
26,8,Au,5.0,0,0.0,DP,0,25,0.0,CeO2,0,1.0,0.0,0,0.0,0,0.0,200.0,0.0,0.0,4.498,30.6,0.0,0.0,60.0,2.0,53.5
27,42,Au,5.0,0,0.0,DP,0,25,0.0,CeO2,0,1.0,0.0,0,0.0,0,0.0,200.0,0.0,0.0,4.498,30.6,0.0,0.0,60.0,2.0,71.3
28,11,Au,5.0,0,0.0,DP,0,25,0.0,CeO2,0,1.0,0.0,0,0.0,0,0.0,230.0,0.0,0.0,4.498,30.6,0.0,0.0,60.0,2.0,76.4
29,45,Au,5.0,0,0.0,DP,0,25,0.0,CeO2,0,1.0,0.0,0,0.0,0,0.0,230.0,0.0,0.0,4.498,30.6,0.0,0.0,60.0,2.0,87.3
30,14,Au,5.0,0,0.0,DP,0,25,0.0,CeO2,0,1.0,0.0,0,0.0,0,0.0,260.0,0.0,0.0,4.498,30.6,0.0,0.0,60.0,2.0,89.7
31,48,Au,5.0,0,0.0,DP,0,25,0.0,CeO2,0,1.0,0.0,0,0.0,0,0.0,260.0,0.0,0.0,4.498,30.6,0.0,0.0,60.0,2.0,92.8
32,3547,Au,5.0,0,0.0,HDP,0,25,0.0,Al2O3,0,1.0,0.0,Ce,20.0,0,0.0,220.0,60.0,0.0,5.0,15.0,0.0,0.0,60.0,2.5,11.29
33,3567,Au,5.0,0,0.0,HDP,0,25,0.0,Al2O3,0,1.0,0.0,Ce,20.0,0,0.0,220.0,60.0,0.0,5.0,15.0,0.0,0.0,60.0,2.5,14.46
34,3546,Au,5.0,0,0.0,HDP,0,25,0.0,Al2O3,0,1.0,0.0,Ce,20.0,0,0.0,250.0,60.0,0.0,5.0,15.0,0.0,0.0,60.0,2.5,14.46
35,3566,Au,5.0,0,0.0,HDP,0,25,0.0,Al2O3,0,1.0,0.0,Ce,20.0,0,0.0,250.0,60.0,0.0,5.0,15.0,0.0,0.0,60.0,2.5,18.07
36,3545,Au,5.0,0,0.0,HDP,0,25,0.0,Al2O3,0,1.0,0.0,Ce,20.0,0,0.0,280.0,60.0,0.0,5.0,15.0,0.0,0.0,60.0,2.5,18.07
37,3565,Au,5.0,0,0.0,HDP,0,25,0.0,Al2O3,0,1.0,0.0,Ce,20.0,0,0.0,280.0,60.0,0.0,5.0,15.0,0.0,0.0,60.0,2.5,18.53
38,3544,Au,5.0,0,0.0,HDP,0,25,0.0,Al2O3,0,1.0,0.0,Ce,20.0,0,0.0,300.0,60.0,0.0,5.0,15.0,0.0,0.0,60.0,2.5,18.53
39,3564,Au,5.0,0,0.0,HDP,0,25,0.0,Al2O3,0,1.0,0.0,Ce,20.0,0,0.0,300.0,60.0,0.0,5.0,15.0,0.0,0.0,60.0,2.5,23.02
40,3543,Au,5.0,0,0.0,HDP,0,25,0.0,Al2O3,0,1.0,0.0,Ce,20.0,0,0.0,330.0,60.0,0.0,5.0,15.0,0.0,0.0,60.0,2.5,23.02
41,3563,Au,5.0,0,0.0,HDP,0,25,0.0,Al2O3,0,1.0,0.0,Ce,20.0,0,0.0,330.0,60.0,0.0,5.0,15.0,0.0,0.0,60.0,2.5,17.57
42,3585,Au,5.0,0,0.0,HDP,0,25,0.0,Al2O3,0,1.0,0.0,Ce,20.0,0,0.0,330.0,60.0,0.0,5.0,15.0,0.0,0.0,60.0,2.5,23.02
43,3632,Cu,5.0,Pt,1.0,CI,0,450,5.0,CeO2,0,1.0,0.0,0,0.0,0,0.0,260.0,37.9,1.358,9.7,22.8,6.3,0.0,60.0,1.0,12.9
44,3645,Cu,5.0,Pt,1.0,CI,0,450,5.0,CeO2,0,1.0,0.0,0,0.0,0,0.0,260.0,37.9,1.358,9.7,22.8,6.3,0.0,60.0,1.0,13.2
45,3005,Pd,0.02,0,0.0,SCT,0,25,0.0,CeO2,ZrO2,0.83,0.17,0,0.0,0,0.0,150.0,40.0,0.0,2.0,0.1,10.0,0.0,60.0,0.0,7.54
46,3016,Pd,0.02,0,0.0,SCT,0,25,0.0,CeO2,ZrO2,0.83,0.17,0,0.0,0,0.0,150.0,40.0,0.0,2.0,0.1,10.0,0.0,60.0,0.0,4.2
47,3027,Pd,0.02,0,0.0,SCT,0,25,0.0,CeO2,ZrO2,0.83,0.17,0,0.0,0,0.0,150.0,40.0,0.0,2.0,0.1,10.0,0.0,60.0,0.0,0.866
48,3038,Pd,0.02,0,0.0,SCT,0,25,0.0,CeO2,ZrO2,0.83,0.17,0,0.0,0,0.0,150.0,40.0,0.0,2.0,0.1,10.0,0.0,60.0,0.0,1.28
49,3017,Pd,0.02,0,0.0,SCT,0,25,0.0,CeO2,ZrO2,0.83,0.17,0,0.0,0,0.0,165.0,40.0,0.0,2.0,0.1,10.0,0.0,60.0,0.0,3.83
50,3028,Pd,0.02,0,0.0,SCT,0,25,0.0,CeO2,ZrO2,0.83,0.17,0,0.0,0,0.0,165.0,40.0,0.0,2.0,0.1,10.0,0.0,60.0,0.0,1.74
51,3039,Pd,0.02,0,0.0,SCT,0,25,0.0,CeO2,ZrO2,0.83,0.17,0,0.0,0,0.0,165.0,40.0,0.0,2.0,0.1,10.0,0.0,60.0,0.0,1.33
52,3007,Pd,0.02,0,0.0,SCT,0,25,0.0,CeO2,ZrO2,0.83,0.17,0,0.0,0,0.0,180.0,40.0,0.0,2.0,0.1,10.0,0.0,60.0,0.0,12.6
53,3018,Pd,0.02,0,0.0,SCT,0,25,0.0,CeO2,ZrO2,0.83,0.17,0,0.0,0,0.0,180.0,40.0,0.0,2.0,0.1,10.0,0.0,60.0,0.0,6.37
54,3029,Pd,0.02,0,0.0,SCT,0,25,0.0,CeO2,ZrO2,0.83,0.17,0,0.0,0,0.0,180.0,40.0,0.0,2.0,0.1,10.0,0.0,60.0,0.0,2.2
55,3040,Pd,0.02,0,0.0,SCT,0,25,0.0,CeO2,ZrO2,0.83,0.17,0,0.0,0,0.0,180.0,40.0,0.0,2.0,0.1,10.0,0.0,60.0,0.0,2.2
56,3019,Pd,0.02,0,0.0,SCT,0,25,0.0,CeO2,ZrO2,0.83,0.17,0,0.0,0,0.0,196.0,40.0,0.0,2.0,0.1,10.0,0.0,60.0,0.0,10.2
57,3030,Pd,0.02,0,0.0,SCT,0,25,0.0,CeO2,ZrO2,0.83,0.17,0,0.0,0,0.0,196.0,40.0,0.0,2.0,0.1,10.0,0.0,60.0,0.0,5.99
58,3041,Pd,0.02,0,0.0,SCT,0,25,0.0,CeO2,ZrO2,0.83,0.17,0,0.0,0,0.0,196.0,40.0,0.0,2.0,0.1,10.0,0.0,60.0,0.0,3.08
59,3009,Pd,0.02,0,0.0,SCT,0,25,0.0,CeO2,ZrO2,0.83,0.17,0,0.0,0,0.0,210.0,40.0,0.0,2.0,0.1,10.0,0.0,60.0,0.0,17.7
60,3020,Pd,0.02,0,0.0,SCT,0,25,0.0,CeO2,ZrO2,0.83,0.17,0,0.0,0,0.0,210.0,40.0,0.0,2.0,0.1,10.0,0.0,60.0,0.0,13.5
61,3031,Pd,0.02,0,0.0,SCT,0,25,0.0,CeO2,ZrO2,0.83,0.17,0,0.0,0,0.0,210.0,40.0,0.0,2.0,0.1,10.0,0.0,60.0,0.0,8.95
62,3042,Pd,0.02,0,0.0,SCT,0,25,0.0,CeO2,ZrO2,0.83,0.17,0,0.0,0,0.0,210.0,40.0,0.0,2.0,0.1,10.0,0.0,60.0,0.0,3.95
63,3032,Pd,0.02,0,0.0,SCT,0,25,0.0,CeO2,ZrO2,0.83,0.17,0,0.0,0,0.0,225.0,40.0,0.0,2.0,0.1,10.0,0.0,60.0,0.0,11.5
64,3043,Pd,0.02,0,0.0,SCT,0,25,0.0,CeO2,ZrO2,0.83,0.17,0,0.0,0,0.0,225.0,40.0,0.0,2.0,0.1,10.0,0.0,60.0,0.0,4.83
65,3010,Pd,0.02,0,0.0,SCT,0,25,0.0,CeO2,ZrO2,0.83,0.17,0,0.0,0,0.0,226.0,40.0,0.0,2.0,0.1,10.0,0.0,60.0,0.0,19.8
66,3021,Pd,0.02,0,0.0,SCT,0,25,0.0,CeO2,ZrO2,0.83,0.17,0,0.0,0,0.0,226.0,40.0,0.0,2.0,0.1,10.0,0.0,60.0,0.0,16.5
67,3011,Pd,0.02,0,0.0,SCT,0,25,0.0,CeO2,ZrO2,0.83,0.17,0,0.0,0,0.0,240.0,40.0,0.0,2.0,0.1,10.0,0.0,60.0,0.0,26.1
68,3022,Pd,0.02,0,0.0,SCT,0,25,0.0,CeO2,ZrO2,0.83,0.17,0,0.0,0,0.0,240.0,40.0,0.0,2.0,0.1,10.0,0.0,60.0,0.0,21.1
69,3033,Pd,0.02,0,0.0,SCT,0,25,0.0,CeO2,ZrO2,0.83,0.17,0,0.0,0,0.0,241.0,40.0,0.0,2.0,0.1,10.0,0.0,60.0,0.0,14.0
70,3044,Pd,0.02,0,0.0,SCT,0,25,0.0,CeO2,ZrO2,0.83,0.17,0,0.0,0,0.0,241.0,40.0,0.0,2.0,0.1,10.0,0.0,60.0,0.0,6.95
71,3034,Pd,0.02,0,0.0,SCT,0,25,0.0,CeO2,ZrO2,0.83,0.17,0,0.0,0,0.0,255.0,40.0,0.0,2.0,0.1,10.0,0.0,60.0,0.0,17.0
72,3045,Pd,0.02,0,0.0,SCT,0,25,0.0,CeO2,ZrO2,0.83,0.17,0,0.0,0,0.0,255.0,40.0,0.0,2.0,0.1,10.0,0.0,60.0,0.0,8.66
73,3012,Pd,0.02,0,0.0,SCT,0,25,0.0,CeO2,ZrO2,0.83,0.17,0,0.0,0,0.0,256.0,40.0,0.0,2.0,0.1,10.0,0.0,60.0,0.0,35.3
74,3023,Pd,0.02,0,0.0,SCT,0,25,0.0,CeO2,ZrO2,0.83,0.17,0,0.0,0,0.0,256.0,40.0,0.0,2.0,0.1,10.0,0.0,60.0,0.0,27.0
75,3013,Pd,0.02,0,0.0,SCT,0,25,0.0,CeO2,ZrO2,0.83,0.17,0,0.0,0,0.0,270.0,40.0,0.0,2.0,0.1,10.0,0.0,60.0,0.0,44.5
76,3035,Pd,0.02,0,0.0,SCT,0,25,0.0,CeO2,ZrO2,0.83,0.17,0,0.0,0,0.0,270.0,40.0,0.0,2.0,0.1,10.0,0.0,60.0,0.0,20.0
77,3046,Pd,0.02,0,0.0,SCT,0,25,0.0,CeO2,ZrO2,0.83,0.17,0,0.0,0,0.0,270.0,40.0,0.0,2.0,0.1,10.0,0.0,60.0,0.0,10.4
78,3014,Pd,0.02,0,0.0,SCT,0,25,0.0,CeO2,ZrO2,0.83,0.17,0,0.0,0,0.0,286.0,40.0,0.0,2.0,0.1,10.0,0.0,60.0,0.0,55.4
79,3025,Pd,0.02,0,0.0,SCT,0,25,0.0,CeO2,ZrO2,0.83,0.17,0,0.0,0,0.0,286.0,40.0,0.0,2.0,0.1,10.0,0.0,60.0,0.0,40.0
80,3036,Pd,0.02,0,0.0,SCT,0,25,0.0,CeO2,ZrO2,0.83,0.17,0,0.0,0,0.0,286.0,40.0,0.0,2.0,0.1,10.0,0.0,60.0,0.0,20.4
81,3047,Pd,0.02,0,0.0,SCT,0,25,0.0,CeO2,ZrO2,0.83,0.17,0,0.0,0,0.0,286.0,40.0,0.0,2.0,0.1,10.0,0.0,60.0,0.0,11.2
82,3015,Pd,0.02,0,0.0,SCT,0,25,0.0,CeO2,ZrO2,0.83,0.17,0,0.0,0,0.0,301.0,40.0,0.0,2.0,0.1,10.0,0.0,60.0,0.0,65.9
83,3026,Pd,0.02,0,0.0,SCT,0,25,0.0,CeO2,ZrO2,0.83,0.17,0,0.0,0,0.0,301.0,40.0,0.0,2.0,0.1,10.0,0.0,60.0,0.0,40.5
84,3037,Pd,0.02,0,0.0,SCT,0,25,0.0,CeO2,ZrO2,0.83,0.17,0,0.0,0,0.0,301.0,40.0,0.0,2.0,0.1,10.0,0.0,60.0,0.0,20.5
85,3048,Pd,0.02,0,0.0,SCT,0,25,0.0,CeO2,ZrO2,0.83,0.17,0,0.0,0,0.0,301.0,40.0,0.0,2.0,0.1,10.0,0.0,60.0,0.0,11.7
86,2961,Pd,0.02,0,0.0,SCT,0,25,0.0,ZrO2,0,1.0,0.0,0,0.0,0,0.0,150.0,40.0,0.0,2.0,0.1,10.0,0.0,60.0,0.0,17.5
87,2972,Pd,0.02,0,0.0,SCT,0,25,0.0,ZrO2,0,1.0,0.0,0,0.0,0,0.0,150.0,40.0,0.0,2.0,0.1,10.0,0.0,60.0,0.0,9.58
88,2983,Pd,0.02,0,0.0,SCT,0,25,0.0,ZrO2,0,1.0,0.0,0,0.0,0,0.0,150.0,40.0,0.0,2.0,0.1,10.0,0.0,60.0,0.0,6.25
89,2994,Pd,0.02,0,0.0,SCT,0,25,0.0,ZrO2,0,1.0,0.0,0,0.0,0,0.0,150.0,40.0,0.0,2.0,0.1,10.0,0.0,60.0,0.0,3.33
90,2973,Pd,0.02,0,0.0,SCT,0,25,0.0,ZrO2,0,1.0,0.0,0,0.0,0,0.0,165.0,40.0,0.0,2.0,0.1,10.0,0.0,60.0,0.0,10.8
91,2984,Pd,0.02,0,0.0,SCT,0,25,0.0,ZrO2,0,1.0,0.0,0,0.0,0,0.0,165.0,40.0,0.0,2.0,0.1,10.0,0.0,60.0,0.0,6.67
92,2995,Pd,0.02,0,0.0,SCT,0,25,0.0,ZrO2,0,1.0,0.0,0,0.0,0,0.0,165.0,40.0,0.0,2.0,0.1,10.0,0.0,60.0,0.0,3.33
93,2963,Pd,0.02,0,0.0,SCT,0,25,0.0,ZrO2,0,1.0,0.0,0,0.0,0,0.0,179.0,40.0,0.0,2.0,0.1,10.0,0.0,60.0,0.0,18.3
94,2996,Pd,0.02,0,0.0,SCT,0,25,0.0,ZrO2,0,1.0,0.0,0,0.0,0,0.0,179.0,40.0,0.0,2.0,0.1,10.0,0.0,60.0,0.0,3.33
95,2974,Pd,0.02,0,0.0,SCT,0,25,0.0,ZrO2,0,1.0,0.0,0,0.0,0,0.0,180.0,40.0,0.0,2.0,0.1,10.0,0.0,60.0,0.0,13.7
96,2985,Pd,0.02,0,0.0,SCT,0,25,0.0,ZrO2,0,1.0,0.0,0,0.0,0,0.0,180.0,40.0,0.0,2.0,0.1,10.0,0.0,60.0,0.0,7.08
97,2964,Pd,0.02,0,0.0,SCT,0,25,0.0,ZrO2,0,1.0,0.0,0,0.0,0,0.0,195.0,40.0,0.0,2.0,0.1,10.0,0.0,60.0,0.0,21.7
98,2975,Pd,0.02,0,0.0,SCT,0,25,0.0,ZrO2,0,1.0,0.0,0,0.0,0,0.0,195.0,40.0,0.0,2.0,0.1,10.0,0.0,60.0,0.0,16.7
99,2997,Pd,0.02,0,0.0,SCT,0,25,0.0,ZrO2,0,1.0,0.0,0,0.0,0,0.0,195.0,40.0,0.0,2.0,0.1,10.0,0.0,60.0,0.0,4.17
100,2965,Pd,0.02,0,0.0,SCT,0,25,0.0,ZrO2,0,1.0,0.0,0,0.0,0,0.0,209.0,40.0,0.0,2.0,0.1,10.0,0.0,60.0,0.0,26.7
101,2976,Pd,0.02,0,0.0,SCT,0,25,0.0,ZrO2,0,1.0,0.0,0,0.0,0,0.0,209.0,40.0,0.0,2.0,0.1,10.0,0.0,60.0,0.0,20.8
102,2998,Pd,0.02,0,0.0,SCT,0,25,0.0,ZrO2,0,1.0,0.0,0,0.0,0,0.0,209.0,40.0,0.0,2.0,0.1,10.0,0.0,60.0,0.0,4.58
103,2966,Pd,0.02,0,0.0,SCT,0,25,0.0,ZrO2,0,1.0,0.0,0,0.0,0,0.0,224.0,40.0,0.0,2.0,0.1,10.0,0.0,60.0,0.0,32.9
104,2977,Pd,0.02,0,0.0,SCT,0,25,0.0,ZrO2,0,1.0,0.0,0,0.0,0,0.0,224.0,40.0,0.0,2.0,0.1,10.0,0.0,60.0,0.0,26.7
105,2999,Pd,0.02,0,0.0,SCT,0,25,0.0,ZrO2,0,1.0,0.0,0,0.0,0,0.0,224.0,40.0,0.0,2.0,0.1,10.0,0.0,60.0,0.0,4.17
106,2989,Pd,0.02,0,0.0,SCT,0,25,0.0,ZrO2,0,1.0,0.0,0,0.0,0,0.0,239.0,40.0,0.0,2.0,0.1,10.0,0.0,60.0,0.0,12.9
107,3000,Pd,0.02,0,0.0,SCT,0,25,0.0,ZrO2,0,1.0,0.0,0,0.0,0,0.0,239.0,40.0,0.0,2.0,0.1,10.0,0.0,60.0,0.0,5.0
108,2967,Pd,0.02,0,0.0,SCT,0,25,0.0,ZrO2,0,1.0,0.0,0,0.0,0,0.0,240.0,40.0,0.0,2.0,0.1,10.0,0.0,60.0,0.0,42.1
109,2978,Pd,0.02,0,0.0,SCT,0,25,0.0,ZrO2,0,1.0,0.0,0,0.0,0,0.0,240.0,40.0,0.0,2.0,0.1,10.0,0.0,60.0,0.0,30.8
110,2968,Pd,0.02,0,0.0,SCT,0,25,0.0,ZrO2,0,1.0,0.0,0,0.0,0,0.0,254.0,40.0,0.0,2.0,0.1,10.0,0.0,60.0,0.0,47.9
111,2979,Pd,0.02,0,0.0,SCT,0,25,0.0,ZrO2,0,1.0,0.0,0,0.0,0,0.0,254.0,40.0,0.0,2.0,0.1,10.0,0.0,60.0,0.0,38.8
112,3001,Pd,0.02,0,0.0,SCT,0,25,0.0,ZrO2,0,1.0,0.0,0,0.0,0,0.0,254.0,40.0,0.0,2.0,0.1,10.0,0.0,60.0,0.0,5.42
113,2969,Pd,0.02,0,0.0,SCT,0,25,0.0,ZrO2,0,1.0,0.0,0,0.0,0,0.0,269.0,40.0,0.0,2.0,0.1,10.0,0.0,60.0,0.0,53.8
114,2991,Pd,0.02,0,0.0,SCT,0,25,0.0,ZrO2,0,1.0,0.0,0,0.0,0,0.0,269.0,40.0,0.0,2.0,0.1,10.0,0.0,60.0,0.0,19.2
115,3002,Pd,0.02,0,0.0,SCT,0,25,0.0,ZrO2,0,1.0,0.0,0,0.0,0,0.0,269.0,40.0,0.0,2.0,0.1,10.0,0.0,60.0,0.0,6.25
116,2970,Pd,0.02,0,0.0,SCT,0,25,0.0,ZrO2,0,1.0,0.0,0,0.0,0,0.0,284.0,40.0,0.0,2.0,0.1,10.0,0.0,60.0,0.0,62.1
117,2981,Pd,0.02,0,0.0,SCT,0,25,0.0,ZrO2,0,1.0,0.0,0,0.0,0,0.0,284.0,40.0,0.0,2.0,0.1,10.0,0.0,60.0,0.0,45.4
118,2992,Pd,0.02,0,0.0,SCT,0,25,0.0,ZrO2,0,1.0,0.0,0,0.0,0,0.0,284.0,40.0,0.0,2.0,0.1,10.0,0.0,60.0,0.0,19.2
119,3003,Pd,0.02,0,0.0,SCT,0,25,0.0,ZrO2,0,1.0,0.0,0,0.0,0,0.0,284.0,40.0,0.0,2.0,0.1,10.0,0.0,60.0,0.0,7.08
120,2993,Pd,0.02,0,0.0,SCT,0,25,0.0,ZrO2,0,1.0,0.0,0,0.0,0,0.0,299.0,40.0,0.0,2.0,0.1,10.0,0.0,60.0,0.0,20.0
121,3004,Pd,0.02,0,0.0,SCT,0,25,0.0,ZrO2,0,1.0,0.0,0,0.0,0,0.0,299.0,40.0,0.0,2.0,0.1,10.0,0.0,60.0,0.0,7.08
122,2971,Pd,0.02,0,0.0,SCT,0,25,0.0,ZrO2,0,1.0,0.0,0,0.0,0,0.0,300.0,40.0,0.0,2.0,0.1,10.0,0.0,60.0,0.0,60.8
123,2982,Pd,0.02,0,0.0,SCT,0,25,0.0,ZrO2,0,1.0,0.0,0,0.0,0,0.0,300.0,40.0,0.0,2.0,0.1,10.0,0.0,60.0,0.0,45.8
124,2923,Pt,0.02,0,0.0,SCT,0,25,0.0,CeO2,ZrO2,0.83,0.17,0,0.0,0,0.0,150.0,40.0,0.0,2.0,0.1,10.0,0.0,60.0,0.0,17.9
125,2932,Pt,0.02,0,0.0,SCT,0,25,0.0,CeO2,ZrO2,0.83,0.17,0,0.0,0,0.0,150.0,40.0,0.0,2.0,0.1,10.0,0.0,60.0,0.0,7.92
126,2941,Pt,0.02,0,0.0,SCT,0,25,0.0,CeO2,ZrO2,0.83,0.17,0,0.0,0,0.0,150.0,40.0,0.0,2.0,0.1,10.0,0.0,60.0,0.0,2.5
127,2951,Pt,0.02,0,0.0,SCT,0,25,0.0,CeO2,ZrO2,0.83,0.17,0,0.0,0,0.0,150.0,40.0,0.0,2.0,0.1,10.0,0.0,60.0,0.0,2.08
128,2924,Pt,0.02,0,0.0,SCT,0,25,0.0,CeO2,ZrO2,0.83,0.17,0,0.0,0,0.0,165.0,40.0,0.0,2.0,0.1,10.0,0.0,60.0,0.0,18.8
129,2933,Pt,0.02,0,0.0,SCT,0,25,0.0,CeO2,ZrO2,0.83,0.17,0,0.0,0,0.0,165.0,40.0,0.0,2.0,0.1,10.0,0.0,60.0,0.0,11.7
130,2952,Pt,0.02,0,0.0,SCT,0,25,0.0,CeO2,ZrO2,0.83,0.17,0,0.0,0,0.0,165.0,40.0,0.0,2.0,0.1,10.0,0.0,60.0,0.0,2.92
131,2925,Pt,0.02,0,0.0,SCT,0,25,0.0,CeO2,ZrO2,0.83,0.17,0,0.0,0,0.0,180.0,40.0,0.0,2.0,0.1,10.0,0.0,60.0,0.0,22.1
132,2934,Pt,0.02,0,0.0,SCT,0,25,0.0,CeO2,ZrO2,0.83,0.17,0,0.0,0,0.0,180.0,40.0,0.0,2.0,0.1,10.0,0.0,60.0,0.0,18.3
133,2943,Pt,0.02,0,0.0,SCT,0,25,0.0,CeO2,ZrO2,0.83,0.17,0,0.0,0,0.0,180.0,40.0,0.0,2.0,0.1,10.0,0.0,60.0,0.0,7.08
134,2953,Pt,0.02,0,0.0,SCT,0,25,0.0,CeO2,ZrO2,0.83,0.17,0,0.0,0,0.0,180.0,40.0,0.0,2.0,0.1,10.0,0.0,60.0,0.0,6.25
135,2926,Pt,0.02,0,0.0,SCT,0,25,0.0,CeO2,ZrO2,0.83,0.17,0,0.0,0,0.0,210.0,40.0,0.0,2.0,0.1,10.0,0.0,60.0,0.0,35.0
136,2935,Pt,0.02,0,0.0,SCT,0,25,0.0,CeO2,ZrO2,0.83,0.17,0,0.0,0,0.0,210.0,40.0,0.0,2.0,0.1,10.0,0.0,60.0,0.0,27.5
137,2944,Pt,0.02,0,0.0,SCT,0,25,0.0,CeO2,ZrO2,0.83,0.17,0,0.0,0,0.0,210.0,40.0,0.0,2.0,0.1,10.0,0.0,60.0,0.0,18.3
138,2954,Pt,0.02,0,0.0,SCT,0,25,0.0,CeO2,ZrO2,0.83,0.17,0,0.0,0,0.0,210.0,40.0,0.0,2.0,0.1,10.0,0.0,60.0,0.0,15.8
139,2927,Pt,0.02,0,0.0,SCT,0,25,0.0,CeO2,ZrO2,0.83,0.17,0,0.0,0,0.0,225.0,40.0,0.0,2.0,0.1,10.0,0.0,60.0,0.0,49.6
140,2936,Pt,0.02,0,0.0,SCT,0,25,0.0,CeO2,ZrO2,0.83,0.17,0,0.0,0,0.0,225.0,40.0,0.0,2.0,0.1,10.0,0.0,60.0,0.0,35.0
141,2945,Pt,0.02,0,0.0,SCT,0,25,0.0,CeO2,ZrO2,0.83,0.17,0,0.0,0,0.0,225.0,40.0,0.0,2.0,0.1,10.0,0.0,60.0,0.0,25.4
142,2928,Pt,0.02,0,0.0,SCT,0,25,0.0,CeO2,ZrO2,0.83,0.17,0,0.0,0,0.0,240.0,40.0,0.0,2.0,0.1,10.0,0.0,60.0,0.0,60.0
143,2937,Pt,0.02,0,0.0,SCT,0,25,0.0,CeO2,ZrO2,0.83,0.17,0,0.0,0,0.0,240.0,40.0,0.0,2.0,0.1,10.0,0.0,60.0,0.0,41.7
144,2946,Pt,0.02,0,0.0,SCT,0,25,0.0,CeO2,ZrO2,0.83,0.17,0,0.0,0,0.0,240.0,40.0,0.0,2.0,0.1,10.0,0.0,60.0,0.0,30.4
145,2956,Pt,0.02,0,0.0,SCT,0,25,0.0,CeO2,ZrO2,0.83,0.17,0,0.0,0,0.0,240.0,40.0,0.0,2.0,0.1,10.0,0.0,60.0,0.0,24.2
146,2929,Pt,0.02,0,0.0,SCT,0,25,0.0,CeO2,ZrO2,0.83,0.17,0,0.0,0,0.0,255.0,40.0,0.0,2.0,0.1,10.0,0.0,60.0,0.0,72.1
147,2938,Pt,0.02,0,0.0,SCT,0,25,0.0,CeO2,ZrO2,0.83,0.17,0,0.0,0,0.0,255.0,40.0,0.0,2.0,0.1,10.0,0.0,60.0,0.0,46.7
148,2947,Pt,0.02,0,0.0,SCT,0,25,0.0,CeO2,ZrO2,0.83,0.17,0,0.0,0,0.0,255.0,40.0,0.0,2.0,0.1,10.0,0.0,60.0,0.0,37.5
149,2957,Pt,0.02,0,0.0,SCT,0,25,0.0,CeO2,ZrO2,0.83,0.17,0,0.0,0,0.0,255.0,40.0,0.0,2.0,0.1,10.0,0.0,60.0,0.0,30.0
150,2922,Pt,0.02,0,0.0,SCT,0,25,0.0,CeO2,ZrO2,0.83,0.17,0,0.0,0,0.0,270.0,40.0,0.0,2.0,0.1,10.0,0.0,60.0,0.0,59.3
151,2930,Pt,0.02,0,0.0,SCT,0,25,0.0,CeO2,ZrO2,0.83,0.17,0,0.0,0,0.0,270.0,40.0,0.0,2.0,0.1,10.0,0.0,60.0,0.0,85.8
152,2939,Pt,0.02,0,0.0,SCT,0,25,0.0,CeO2,ZrO2,0.83,0.17,0,0.0,0,0.0,270.0,40.0,0.0,2.0,0.1,10.0,0.0,60.0,0.0,66.2
153,2948,Pt,0.02,0,0.0,SCT,0,25,0.0,CeO2,ZrO2,0.83,0.17,0,0.0,0,0.0,270.0,40.0,0.0,2.0,0.1,10.0,0.0,60.0,0.0,47.9
154,2958,Pt,0.02,0,0.0,SCT,0,25,0.0,CeO2,ZrO2,0.83,0.17,0,0.0,0,0.0,270.0,40.0,0.0,2.0,0.1,10.0,0.0,60.0,0.0,31.7
155,2949,Pt,0.02,0,0.0,SCT,0,25,0.0,CeO2,ZrO2,0.83,0.17,0,0.0,0,0.0,285.0,40.0,0.0,2.0,0.1,10.0,0.0,60.0,0.0,57.1
156,2959,Pt,0.02,0,0.0,SCT,0,25,0.0,CeO2,ZrO2,0.83,0.17,0,0.0,0,0.0,285.0,40.0,0.0,2.0,0.1,10.0,0.0,60.0,0.0,33.8
157,2931,Pt,0.02,0,0.0,SCT,0,25,0.0,CeO2,ZrO2,0.83,0.17,0,0.0,0,0.0,300.0,40.0,0.0,2.0,0.1,10.0,0.0,60.0,0.0,78.8
158,2950,Pt,0.02,0,0.0,SCT,0,25,0.0,CeO2,ZrO2,0.83,0.17,0,0.0,0,0.0,300.0,40.0,0.0,2.0,0.1,10.0,0.0,60.0,0.0,65.4
159,2960,Pt,0.02,0,0.0,SCT,0,25,0.0,CeO2,ZrO2,0.83,0.17,0,0.0,0,0.0,300.0,40.0,0.0,2.0,0.1,10.0,0.0,60.0,0.0,34.6
160,2888,Pt,0.02,0,0.0,SCT,0,25,0.0,ZrO2,0,1.0,0.0,0,0.0,0,0.0,150.0,40.0,0.0,2.0,0.1,10.0,0.0,60.0,0.0,26.9
161,2896,Pt,0.02,0,0.0,SCT,0,25,0.0,ZrO2,0,1.0,0.0,0,0.0,0,0.0,150.0,40.0,0.0,2.0,0.1,10.0,0.0,60.0,0.0,19.0
162,2905,Pt,0.02,0,0.0,SCT,0,25,0.0,ZrO2,0,1.0,0.0,0,0.0,0,0.0,150.0,40.0,0.0,2.0,0.1,10.0,0.0,60.0,0.0,16.4
163,2914,Pt,0.02,0,0.0,SCT,0,25,0.0,ZrO2,0,1.0,0.0,0,0.0,0,0.0,150.0,40.0,0.0,2.0,0.1,10.0,0.0,60.0,0.0,8.03
164,2889,Pt,0.02,0,0.0,SCT,0,25,0.0,ZrO2,0,1.0,0.0,0,0.0,0,0.0,165.0,40.0,0.0,2.0,0.1,10.0,0.0,60.0,0.0,31.2
165,2897,Pt,0.02,0,0.0,SCT,0,25,0.0,ZrO2,0,1.0,0.0,0,0.0,0,0.0,165.0,40.0,0.0,2.0,0.1,10.0,0.0,60.0,0.0,20.7
166,2915,Pt,0.02,0,0.0,SCT,0,25,0.0,ZrO2,0,1.0,0.0,0,0.0,0,0.0,165.0,40.0,0.0,2.0,0.1,10.0,0.0,60.0,0.0,8.92
167,2890,Pt,0.02,0,0.0,SCT,0,25,0.0,ZrO2,0,1.0,0.0,0,0.0,0,0.0,180.0,40.0,0.0,2.0,0.1,10.0,0.0,60.0,0.0,37.5
168,2907,Pt,0.02,0,0.0,SCT,0,25,0.0,ZrO2,0,1.0,0.0,0,0.0,0,0.0,180.0,40.0,0.0,2.0,0.1,10.0,0.0,60.0,0.0,19.9
169,2916,Pt,0.02,0,0.0,SCT,0,25,0.0,ZrO2,0,1.0,0.0,0,0.0,0,0.0,180.0,40.0,0.0,2.0,0.1,10.0,0.0,60.0,0.0,11.1
170,2891,Pt,0.02,0,0.0,SCT,0,25,0.0,ZrO2,0,1.0,0.0,0,0.0,0,0.0,195.0,40.0,0.0,2.0,0.1,10.0,0.0,60.0,0.0,43.1
171,2899,Pt,0.02,0,0.0,SCT,0,25,0.0,ZrO2,0,1.0,0.0,0,0.0,0,0.0,195.0,40.0,0.0,2.0,0.1,10.0,0.0,60.0,0.0,34.2
172,2908,Pt,0.02,0,0.0,SCT,0,25,0.0,ZrO2,0,1.0,0.0,0,0.0,0,0.0,195.0,40.0,0.0,2.0,0.1,10.0,0.0,60.0,0.0,32.5
173,2917,Pt,0.02,0,0.0,SCT,0,25,0.0,ZrO2,0,1.0,0.0,0,0.0,0,0.0,195.0,40.0,0.0,2.0,0.1,10.0,0.0,60.0,0.0,15.3
174,2892,Pt,0.02,0,0.0,SCT,0,25,0.0,ZrO2,0,1.0,0.0,0,0.0,0,0.0,210.0,40.0,0.0,2.0,0.1,10.0,0.0,60.0,0.0,57.8
175,2900,Pt,0.02,0,0.0,SCT,0,25,0.0,ZrO2,0,1.0,0.0,0,0.0,0,0.0,210.0,40.0,0.0,2.0,0.1,10.0,0.0,60.0,0.0,51.5
176,2918,Pt,0.02,0,0.0,SCT,0,25,0.0,ZrO2,0,1.0,0.0,0,0.0,0,0.0,210.0,40.0,0.0,2.0,0.1,10.0,0.0,60.0,0.0,16.6
177,2893,Pt,0.02,0,0.0,SCT,0,25,0.0,ZrO2,0,1.0,0.0,0,0.0,0,0.0,225.0,40.0,0.0,2.0,0.1,10.0,0.0,60.0,0.0,86.4
178,2910,Pt,0.02,0,0.0,SCT,0,25,0.0,ZrO2,0,1.0,0.0,0,0.0,0,0.0,225.0,40.0,0.0,2.0,0.1,10.0,0.0,60.0,0.0,73.4
179,2919,Pt,0.02,0,0.0,SCT,0,25,0.0,ZrO2,0,1.0,0.0,0,0.0,0,0.0,225.0,40.0,0.0,2.0,0.1,10.0,0.0,60.0,0.0,25.1
180,2902,Pt,0.02,0,0.0,SCT,0,25,0.0,ZrO2,0,1.0,0.0,0,0.0,0,0.0,240.0,40.0,0.0,2.0,0.1,10.0,0.0,60.0,0.0,91.9
181,2920,Pt,0.02,0,0.0,SCT,0,25,0.0,ZrO2,0,1.0,0.0,0,0.0,0,0.0,240.0,40.0,0.0,2.0,0.1,10.0,0.0,60.0,0.0,26.8
182,2903,Pt,0.02,0,0.0,SCT,0,25,0.0,ZrO2,0,1.0,0.0,0,0.0,0,0.0,254.0,40.0,0.0,2.0,0.1,10.0,0.0,60.0,0.0,87.4
183,2912,Pt,0.02,0,0.0,SCT,0,25,0.0,ZrO2,0,1.0,0.0,0,0.0,0,0.0,254.0,40.0,0.0,2.0,0.1,10.0,0.0,60.0,0.0,91.1
184,2894,Pt,0.02,0,0.0,SCT,0,25,0.0,ZrO2,0,1.0,0.0,0,0.0,0,0.0,255.0,40.0,0.0,2.0,0.1,10.0,0.0,60.0,0.0,84.0
185,2921,Pt,0.02,0,0.0,SCT,0,25,0.0,ZrO2,0,1.0,0.0,0,0.0,0,0.0,255.0,40.0,0.0,2.0,0.1,10.0,0.0,60.0,0.0,46.6
186,2895,Pt,0.02,0,0.0,SCT,0,25,0.0,ZrO2,0,1.0,0.0,0,0.0,0,0.0,269.0,40.0,0.0,2.0,0.1,10.0,0.0,60.0,0.0,74.8
187,2913,Pt,0.02,0,0.0,SCT,0,25,0.0,ZrO2,0,1.0,0.0,0,0.0,0,0.0,269.0,40.0,0.0,2.0,0.1,10.0,0.0,60.0,0.0,82.0
188,584,Pt,0.5,0,0.0,IWI,0,400,1.0,CeO2,0,1.0,0.0,0,0.0,0,0.0,300.0,41.9,0.0,1.6,52.4,0.0,0.0,60.0,0.14,58.3
189,587,Pt,0.5,0,0.0,IWI,0,400,1.0,CeO2,0,1.0,0.0,0,0.0,0,0.0,300.0,41.9,0.0,1.6,52.4,0.0,0.0,60.0,0.14,19.9
190,929,Pt,0.5,0,0.0,WI,0,25,0.0,Al2O3,0,1.0,0.0,Co,10.0,0,0.0,221.0,0.0,0.0,3.0,10.0,0.0,0.0,60.0,0.5,2.12
191,1190,Pt,0.5,0,0.0,WI,0,25,0.0,Al2O3,0,1.0,0.0,Co,10.0,0,0.0,221.0,0.0,0.0,3.0,10.0,0.0,0.0,60.0,0.5,2.5
192,930,Pt,0.5,0,0.0,WI,0,25,0.0,Al2O3,0,1.0,0.0,Co,10.0,0,0.0,262.0,0.0,0.0,3.0,10.0,0.0,0.0,60.0,0.5,12.9
193,1192,Pt,0.5,0,0.0,WI,0,25,0.0,Al2O3,0,1.0,0.0,Co,10.0,0,0.0,262.0,0.0,0.0,3.0,10.0,0.0,0.0,60.0,0.5,13.1
194,931,Pt,0.5,0,0.0,WI,0,25,0.0,Al2O3,0,1.0,0.0,Co,10.0,0,0.0,272.0,0.0,0.0,3.0,10.0,0.0,0.0,60.0,0.5,18.9
195,1193,Pt,0.5,0,0.0,WI,0,25,0.0,Al2O3,0,1.0,0.0,Co,10.0,0,0.0,272.0,0.0,0.0,3.0,10.0,0.0,0.0,60.0,0.5,19.2
196,932,Pt,0.5,0,0.0,WI,0,25,0.0,Al2O3,0,1.0,0.0,Co,10.0,0,0.0,282.0,0.0,0.0,3.0,10.0,0.0,0.0,60.0,0.5,27.6
197,1194,Pt,0.5,0,0.0,WI,0,25,0.0,Al2O3,0,1.0,0.0,Co,10.0,0,0.0,282.0,0.0,0.0,3.0,10.0,0.0,0.0,60.0,0.5,27.2
198,933,Pt,0.5,0,0.0,WI,0,25,0.0,Al2O3,0,1.0,0.0,Co,10.0,0,0.0,294.0,0.0,0.0,3.0,10.0,0.0,0.0,60.0,0.5,44.6
199,1195,Pt,0.5,0,0.0,WI,0,25,0.0,Al2O3,0,1.0,0.0,Co,10.0,0,0.0,294.0,0.0,0.0,3.0,10.0,0.0,0.0,60.0,0.5,44.4
200,934,Pt,0.5,0,0.0,WI,0,25,0.0,Al2O3,0,1.0,0.0,Co,10.0,0,0.0,304.0,0.0,0.0,3.0,10.0,0.0,0.0,60.0,0.5,63.5
201,1196,Pt,0.5,0,0.0,WI,0,25,0.0,Al2O3,0,1.0,0.0,Co,10.0,0,0.0,304.0,0.0,0.0,3.0,10.0,0.0,0.0,60.0,0.5,63.3
202,939,Pt,0.5,0,0.0,WI,0,25,0.0,Al2O3,0,1.0,0.0,Co,10.0,0,0.0,425.0,0.0,0.0,3.0,10.0,0.0,0.0,60.0,0.5,96.3
203,1199,Pt,0.5,0,0.0,WI,0,25,0.0,Al2O3,0,1.0,0.0,Co,10.0,0,0.0,425.0,0.0,0.0,3.0,10.0,0.0,0.0,60.0,0.5,96.1
204,837,Pt,0.5,0,0.0,WI,0,25,0.0,CeO2,0,1.0,0.0,0,0.0,0,0.0,236.0,0.0,0.0,3.0,10.0,0.0,0.0,60.0,0.5,3.89
205,1332,Pt,0.5,0,0.0,WI,0,25,0.0,CeO2,0,1.0,0.0,0,0.0,0,0.0,236.0,0.0,0.0,3.0,10.0,0.0,0.0,60.0,0.5,9.24
206,825,Pt,0.5,0,0.0,WI,0,25,0.0,TiO2,0,1.0,0.0,0,0.0,0,0.0,154.0,0.0,0.0,3.0,10.0,0.0,0.0,60.0,0.5,1.03
207,3844,Pt,0.5,0,0.0,WI,0,25,0.0,TiO2,0,1.0,0.0,0,0.0,0,0.0,154.0,0.0,0.0,3.0,10.0,0.0,0.0,60.0,0.5,1.31
208,828,Pt,0.5,0,0.0,WI,0,25,0.0,TiO2,0,1.0,0.0,0,0.0,0,0.0,244.0,0.0,0.0,3.0,10.0,0.0,0.0,60.0,0.5,19.2
209,3847,Pt,0.5,0,0.0,WI,0,25,0.0,TiO2,0,1.0,0.0,0,0.0,0,0.0,244.0,0.0,0.0,3.0,10.0,0.0,0.0,60.0,0.5,21.5
210,3848,Pt,0.5,0,0.0,WI,0,25,0.0,TiO2,0,1.0,0.0,0,0.0,0,0.0,244.0,0.0,0.0,3.0,10.0,0.0,0.0,60.0,0.5,19.7
211,3849,Pt,0.5,0,0.0,WI,0,25,0.0,TiO2,0,1.0,0.0,0,0.0,0,0.0,277.0,0.0,0.0,3.0,10.0,0.0,0.0,60.0,0.5,34.6
212,3908,Pt,0.5,0,0.0,WI,0,25,0.0,TiO2,0,1.0,0.0,0,0.0,0,0.0,277.0,0.0,0.0,3.0,10.0,0.0,0.0,60.0,0.5,47.8
213,830,Pt,0.5,0,0.0,WI,0,25,0.0,TiO2,0,1.0,0.0,0,0.0,0,0.0,303.0,0.0,0.0,3.0,10.0,0.0,0.0,60.0,0.5,46.0
214,2485,Pt,0.5,0,0.0,WI,0,25,0.0,TiO2,0,1.0,0.0,0,0.0,0,0.0,303.0,0.0,0.0,3.0,10.0,0.0,0.0,60.0,0.5,40.6
215,2486,Pt,0.5,0,0.0,WI,0,25,0.0,TiO2,0,1.0,0.0,0,0.0,0,0.0,335.0,0.0,0.0,3.0,10.0,0.0,0.0,60.0,0.5,61.2
216,3913,Pt,0.5,0,0.0,WI,0,25,0.0,TiO2,0,1.0,0.0,0,0.0,0,0.0,335.0,0.0,0.0,3.0,10.0,0.0,0.0,60.0,0.5,92.4
217,833,Pt,0.5,0,0.0,WI,0,25,0.0,TiO2,0,1.0,0.0,0,0.0,0,0.0,384.0,0.0,0.0,3.0,10.0,0.0,0.0,60.0,0.5,96.3
218,3855,Pt,0.5,0,0.0,WI,0,25,0.0,TiO2,0,1.0,0.0,0,0.0,0,0.0,384.0,0.0,0.0,3.0,10.0,0.0,0.0,60.0,0.5,97.4
219,834,Pt,0.5,0,0.0,WI,0,25,0.0,TiO2,0,1.0,0.0,0,0.0,0,0.0,413.0,0.0,0.0,3.0,10.0,0.0,0.0,60.0,0.5,95.9
220,2491,Pt,0.5,0,0.0,WI,0,25,0.0,TiO2,0,1.0,0.0,0,0.0,0,0.0,413.0,0.0,0.0,3.0,10.0,0.0,0.0,60.0,0.5,94.6
221,3873,Pt,0.5,0,0.0,WI,0,25,0.0,TiO2,0,1.0,0.0,Ca,1.4,0,0.0,172.0,0.0,0.0,3.0,10.0,0.0,0.0,60.0,0.5,2.36
222,3952,Pt,0.5,0,0.0,WI,0,25,0.0,TiO2,0,1.0,0.0,Ca,1.4,0,0.0,172.0,0.0,0.0,3.0,10.0,0.0,0.0,60.0,0.5,2.22
223,3877,Pt,0.5,0,0.0,WI,0,25,0.0,TiO2,0,1.0,0.0,Ca,1.4,0,0.0,257.0,0.0,0.0,3.0,10.0,0.0,0.0,60.0,0.5,54.1
224,3959,Pt,0.5,0,0.0,WI,0,25,0.0,TiO2,0,1.0,0.0,Ca,1.4,0,0.0,257.0,0.0,0.0,3.0,10.0,0.0,0.0,60.0,0.5,53.8
225,1087,Pt,0.5,0,0.0,WI,0,25,0.0,TiO2,0,1.0,0.0,Ce,10.0,0,0.0,261.0,0.0,0.0,3.0,10.0,0.0,0.0,60.0,0.5,43.5
226,1157,Pt,0.5,0,0.0,WI,0,25,0.0,TiO2,0,1.0,0.0,Ce,10.0,0,0.0,261.0,0.0,0.0,3.0,10.0,0.0,0.0,60.0,0.5,44.0
227,1088,Pt,0.5,0,0.0,WI,0,25,0.0,TiO2,0,1.0,0.0,Ce,10.0,0,0.0,273.0,0.0,0.0,3.0,10.0,0.0,0.0,60.0,0.5,52.1
228,1158,Pt,0.5,0,0.0,WI,0,25,0.0,TiO2,0,1.0,0.0,Ce,10.0,0,0.0,273.0,0.0,0.0,3.0,10.0,0.0,0.0,60.0,0.5,52.6
229,1089,Pt,0.5,0,0.0,WI,0,25,0.0,TiO2,0,1.0,0.0,Ce,10.0,0,0.0,303.0,0.0,0.0,3.0,10.0,0.0,0.0,60.0,0.5,74.9
230,1159,Pt,0.5,0,0.0,WI,0,25,0.0,TiO2,0,1.0,0.0,Ce,10.0,0,0.0,303.0,0.0,0.0,3.0,10.0,0.0,0.0,60.0,0.5,75.4
231,1091,Pt,0.5,0,0.0,WI,0,25,0.0,TiO2,0,1.0,0.0,Ce,10.0,0,0.0,322.0,0.0,0.0,3.0,10.0,0.0,0.0,60.0,0.5,87.5
232,1161,Pt,0.5,0,0.0,WI,0,25,0.0,TiO2,0,1.0,0.0,Ce,10.0,0,0.0,322.0,0.0,0.0,3.0,10.0,0.0,0.0,60.0,0.5,88.2
233,325,Pt,0.5,0,0.0,WI,0,650,3.0,TiO2,0,1.0,0.0,0,0.0,0,0.0,244.0,0.0,0.0,10.0,3.0,0.0,0.0,60.0,0.5,20.9
234,378,Pt,0.5,0,0.0,WI,0,650,3.0,TiO2,0,1.0,0.0,0,0.0,0,0.0,244.0,0.0,0.0,10.0,3.0,0.0,0.0,60.0,0.5,22.2
235,329,Pt,0.5,0,0.0,WI,0,650,3.0,TiO2,0,1.0,0.0,0,0.0,0,0.0,352.0,0.0,0.0,10.0,3.0,0.0,0.0,60.0,0.5,79.8
236,382,Pt,0.5,0,0.0,WI,0,650,3.0,TiO2,0,1.0,0.0,0,0.0,0,0.0,352.0,0.0,0.0,10.0,3.0,0.0,0.0,60.0,0.5,80.2
237,330,Pt,0.5,0,0.0,WI,0,650,3.0,TiO2,0,1.0,0.0,0,0.0,0,0.0,383.0,0.0,0.0,10.0,3.0,0.0,0.0,60.0,0.5,94.4
238,383,Pt,0.5,0,0.0,WI,0,650,3.0,TiO2,0,1.0,0.0,0,0.0,0,0.0,383.0,0.0,0.0,10.0,3.0,0.0,0.0,60.0,0.5,94.3
239,332,Pt,0.5,0,0.0,WI,0,650,3.0,TiO2,0,1.0,0.0,0,0.0,0,0.0,448.0,0.0,0.0,10.0,3.0,0.0,0.0,60.0,0.5,95.2
240,385,Pt,0.5,0,0.0,WI,0,650,3.0,TiO2,0,1.0,0.0,0,0.0,0,0.0,448.0,0.0,0.0,10.0,3.0,0.0,0.0,60.0,0.5,95.1
241,2365,Pt,1.0,0,0.0,IWI,0,500,1.0,CeO2,ZrO2,0.5,0.5,0,0.0,0,0.0,275.0,4.0,0.0,6.0,20.0,6.0,0.0,60.0,0.3,18.3
242,2366,Pt,1.0,0,0.0,IWI,0,500,1.0,CeO2,ZrO2,0.5,0.5,0,0.0,0,0.0,275.0,4.0,0.0,6.0,20.0,6.0,0.0,60.0,0.3,16.0
243,2367,Pt,1.0,0,0.0,IWI,0,500,1.0,CeO2,ZrO2,0.5,0.5,0,0.0,0,0.0,297.0,4.0,0.0,6.0,20.0,6.0,0.0,60.0,0.3,25.5
244,2368,Pt,1.0,0,0.0,IWI,0,500,1.0,CeO2,ZrO2,0.5,0.5,0,0.0,0,0.0,297.0,4.0,0.0,6.0,20.0,6.0,0.0,60.0,0.3,30.0
245,2370,Pt,1.0,0,0.0,IWI,0,500,1.0,CeO2,ZrO2,0.5,0.5,0,0.0,0,0.0,321.0,4.0,0.0,6.0,20.0,6.0,0.0,60.0,0.3,54.3
246,2371,Pt,1.0,0,0.0,IWI,0,500,1.0,CeO2,ZrO2,0.5,0.5,0,0.0,0,0.0,321.0,4.0,0.0,6.0,20.0,6.0,0.0,60.0,0.3,52.1
247,2298,Pt,1.0,0,0.0,IWI,0,500,4.0,CeO2,ZrO2,0.6,0.4,0,0.0,0,0.0,623.0,45.3,0.0,11.8,34.4,7.4,1.1,60.0,14.8,86.0
248,2299,Pt,1.0,0,0.0,IWI,0,500,4.0,CeO2,ZrO2,0.6,0.4,0,0.0,0,0.0,623.0,45.3,0.0,11.8,34.4,7.4,1.1,60.0,14.8,90.3
249,2300,Pt,1.0,0,0.0,IWI,0,500,4.0,CeO2,ZrO2,0.6,0.4,0,0.0,0,0.0,623.0,45.3,0.0,11.8,34.4,7.4,1.1,60.0,14.8,90.5
250,2301,Pt,1.0,0,0.0,IWI,0,500,4.0,CeO2,ZrO2,0.6,0.4,0,0.0,0,0.0,623.0,45.3,0.0,11.8,34.4,7.4,1.1,60.0,14.8,92.2
251,2302,Pt,1.0,0,0.0,IWI,0,500,4.0,CeO2,ZrO2,0.6,0.4,0,0.0,0,0.0,623.0,45.3,0.0,11.8,34.4,7.4,1.1,60.0,14.8,95.6
252,2304,Pt,1.0,0,0.0,IWI,0,500,4.0,CeO2,ZrO2,0.6,0.4,0,0.0,0,0.0,623.0,45.3,0.0,11.8,34.4,7.4,1.1,60.0,14.8,97.0
253,109,Pt,1.0,0,0.0,IWI,CP,350,4.0,CeO2,0,1.0,0.0,0,0.0,0,0.0,325.0,40.0,0.0,1.5,50.0,0.0,0.0,60.0,0.138,78.7
254,113,Pt,1.0,0,0.0,IWI,CP,350,4.0,CeO2,0,1.0,0.0,0,0.0,0,0.0,325.0,40.0,0.0,1.5,50.0,0.0,0.0,60.0,0.138,73.3
255,53,Pt,1.0,0,0.0,SGP,0,500,5.0,CeO2,0,1.0,0.0,0,0.0,0,0.0,200.0,0.0,0.0,4.0,2.6,0.0,0.0,60.0,2.0,1.27
256,101,Pt,1.0,0,0.0,SGP,0,500,5.0,CeO2,0,1.0,0.0,0,0.0,0,0.0,200.0,0.0,0.0,4.0,2.6,0.0,0.0,60.0,2.0,0.813
257,687,Pt,2.2,0,0.0,WI,0,380,4.0,CeO2,ZrO2,0.58,0.42,0,0.0,0,0.0,232.0,25.0,0.0,1.5,45.0,5.0,0.0,60.0,0.23,30.6
258,695,Pt,2.2,0,0.0,WI,0,380,4.0,CeO2,ZrO2,0.58,0.42,0,0.0,0,0.0,232.0,25.0,0.0,1.5,45.0,5.0,0.0,60.0,0.23,26.3
259,622,Pt,2.2,0,0.0,WI,0,380,4.0,CeO2,ZrO2,0.58,0.42,0,0.0,0,0.0,252.0,30.3,0.0,4.9,33.0,10.5,0.0,60.0,0.23,14.3
260,633,Pt,2.2,0,0.0,WI,0,380,4.0,CeO2,ZrO2,0.58,0.42,0,0.0,0,0.0,252.0,30.3,0.0,4.9,33.0,10.5,0.0,60.0,0.23,22.0
261,589,Pt,2.5,0,0.0,IWI,0,400,1.0,CeO2,0,1.0,0.0,0,0.0,0,0.0,350.0,41.9,0.0,1.6,52.4,0.0,0.0,60.0,0.14,38.8
262,594,Pt,2.5,0,0.0,IWI,0,400,1.0,CeO2,0,1.0,0.0,0,0.0,0,0.0,350.0,41.9,0.0,1.6,52.4,0.0,0.0,60.0,0.14,81.9
263,719,Pt,4.1,0,0.0,WI,0,380,4.0,CeO2,ZrO2,0.58,0.42,0,0.0,0,0.0,243.0,25.0,0.0,1.5,45.0,5.0,0.0,60.0,0.23,53.6
264,720,Pt,4.1,0,0.0,WI,0,380,4.0,CeO2,ZrO2,0.58,0.42,0,0.0,0,0.0,243.0,25.0,0.0,1.5,45.0,5.0,0.0,60.0,0.23,59.8
265,2183,Pt,5.0,0,0.0,ME,0,25,0.0,CeO2,0,1.0,0.0,0,0.0,0,0.0,250.0,24.99,0.0,6.15,23.08,7.68,0.77,60.0,0.555,2.9
266,2197,Pt,5.0,0,0.0,ME,0,25,0.0,CeO2,0,1.0,0.0,0,0.0,0,0.0,250.0,24.99,0.0,6.15,23.08,7.68,0.77,60.0,0.555,0.169
267,2184,Pt,5.0,0,0.0,ME,0,25,0.0,CeO2,0,1.0,0.0,0,0.0,0,0.0,300.0,24.99,0.0,6.15,23.08,7.68,0.77,60.0,0.555,11.4
268,2198,Pt,5.0,0,0.0,ME,0,25,0.0,CeO2,0,1.0,0.0,0,0.0,0,0.0,300.0,24.99,0.0,6.15,23.08,7.68,0.77,60.0,0.555,8.03
269,3718,Pt,5.0,0,0.0,SGP,0,500,5.0,Al2O3,CeO2,0.92,0.08,0,0.0,0,0.0,400.0,18.0,0.0,32.0,30.0,10.0,0.0,60.0,0.4,9.35
270,3722,Pt,5.0,0,0.0,SGP,0,500,5.0,Al2O3,CeO2,0.92,0.08,0,0.0,0,0.0,400.0,18.0,0.0,32.0,30.0,10.0,0.0,60.0,0.4,13.8
271,3726,Pt,5.0,0,0.0,SGP,0,500,5.0,Al2O3,CeO2,0.92,0.08,0,0.0,0,0.0,400.0,18.0,0.0,32.0,30.0,10.0,0.0,60.0,0.4,13.5
272,3730,Pt,5.0,0,0.0,SGP,0,500,5.0,Al2O3,CeO2,0.92,0.08,0,0.0,0,0.0,400.0,18.0,0.0,32.0,30.0,10.0,0.0,60.0,0.4,23.9
273,3719,Pt,5.0,0,0.0,SGP,0,500,5.0,Al2O3,CeO2,0.92,0.08,0,0.0,0,0.0,450.0,18.0,0.0,32.0,30.0,10.0,0.0,60.0,0.4,17.7
274,3723,Pt,5.0,0,0.0,SGP,0,500,5.0,Al2O3,CeO2,0.92,0.08,0,0.0,0,0.0,450.0,18.0,0.0,32.0,30.0,10.0,0.0,60.0,0.4,39.0
275,3727,Pt,5.0,0,0.0,SGP,0,500,5.0,Al2O3,CeO2,0.92,0.08,0,0.0,0,0.0,450.0,18.0,0.0,32.0,30.0,10.0,0.0,60.0,0.4,41.3
276,3731,Pt,5.0,0,0.0,SGP,0,500,5.0,Al2O3,CeO2,0.92,0.08,0,0.0,0,0.0,450.0,18.0,0.0,32.0,30.0,10.0,0.0,60.0,0.4,58.7
277,3720,Pt,5.0,0,0.0,SGP,0,500,5.0,Al2O3,CeO2,0.92,0.08,0,0.0,0,0.0,500.0,18.0,0.0,32.0,30.0,10.0,0.0,60.0,0.4,32.2
278,3724,Pt,5.0,0,0.0,SGP,0,500,5.0,Al2O3,CeO2,0.92,0.08,0,0.0,0,0.0,500.0,18.0,0.0,32.0,30.0,10.0,0.0,60.0,0.4,57.9
279,3728,Pt,5.0,0,0.0,SGP,0,500,5.0,Al2O3,CeO2,0.92,0.08,0,0.0,0,0.0,500.0,18.0,0.0,32.0,30.0,10.0,0.0,60.0,0.4,60.8
280,3736,Pt,5.0,0,0.0,SGP,0,500,5.0,Al2O3,CeO2,0.92,0.08,0,0.0,0,0.0,500.0,18.0,0.0,32.0,30.0,10.0,0.0,60.0,0.4,69.6
281,3721,Pt,5.0,0,0.0,SGP,0,500,5.0,Al2O3,CeO2,0.92,0.08,0,0.0,0,0.0,549.0,18.0,0.0,32.0,30.0,10.0,0.0,60.0,0.4,38.2
282,3725,Pt,5.0,0,0.0,SGP,0,500,5.0,Al2O3,CeO2,0.92,0.08,0,0.0,0,0.0,549.0,18.0,0.0,32.0,30.0,10.0,0.0,60.0,0.4,55.8
283,3733,Pt,5.0,0,0.0,SGP,0,500,5.0,Al2O3,CeO2,0.92,0.08,0,0.0,0,0.0,549.0,18.0,0.0,32.0,30.0,10.0,0.0,60.0,0.4,67.5
284,3729,Pt,5.0,0,0.0,SGP,0,500,5.0,Al2O3,CeO2,0.92,0.08,0,0.0,0,0.0,550.0,18.0,0.0,32.0,30.0,10.0,0.0,60.0,0.4,60.5
285,3737,Pt,5.0,0,0.0,SGP,0,500,5.0,Al2O3,CeO2,0.92,0.08,0,0.0,0,0.0,550.0,18.0,0.0,32.0,30.0,10.0,0.0,60.0,0.4,71.2
286,401,Pt,5.0,0,0.0,WI,0,650,3.0,TiO2,0,1.0,0.0,0,0.0,0,0.0,250.0,0.0,0.0,10.0,3.0,0.0,0.0,60.0,0.5,70.5
287,402,Pt,5.0,0,0.0,WI,0,650,3.0,TiO2,0,1.0,0.0,0,0.0,0,0.0,250.0,0.0,0.0,10.0,3.0,0.0,0.0,60.0,0.5,67.5
288,4329,Ru,2.74,0,0.0,IWI,0,25,0.0,Al2O3,Tb4O7,0.95,0.0084,0,0.0,0,0.0,299.0,0.0,0.0,1.0,2.0,0.0,0.0,60.0,1.0,70.3
289,4330,Ru,2.74,0,0.0,IWI,0,25,0.0,Al2O3,Tb4O7,0.95,0.0084,0,0.0,0,0.0,299.0,0.0,0.0,1.0,2.0,0.0,0.0,60.0,1.0,77.3
